accountNumber,agencyNumber,accountType,limit,name,amount,transactionTime
0033,55,s,1000.0,Santiago,4000.0,createAccount,20:09:19.646454100
0033,55,s,1000.0,Santiago,4320.0,deposit,20:10:47.477601500
0033,55,s,1000.0,Santiago,3820.0,withdraw,20:11:02.898108100
0033,55,s,400.0,Santiago,3820.0,changeLimit,20:11:38.358235300
0033,55,s,400.0,Santiago,3820.0,withdraw,20:12:02.511900400
0033,55,s,400.0,Santiago,3520.0,withdraw,20:12:27.462517500
